Metric,TI,MBAR
Endpoint_dF,2.992669187455768,0.7985649945001807
Endpoint_Error,1.0312500106035212,1.1644228819737634
